{"cameraMode":{"drawMode":0,"name":"Shaded","section":"Shading Mode"},"sceneLighting":true,"audioPlay":false,"sceneViewState":{"m_AlwaysRefresh":false,"showFog":true,"showSkybox":true,"showFlares":true,"showImageEffects":true,"showParticleSystems":true,"showVisualEffectGraphs":true,"m_FxEnabled":true},"in2DMode":false,"pivot":{"x":-0.28111013770103457,"y":0.8626852631568909,"z":-1.686246633529663},"rotation":{"x":0.055468473583459857,"y":0.01048368401825428,"z":-0.0005824508261866868,"w":0.9984057545661926},"size":2.1073949337005617,"orthographic":false}