{"cameraMode":{"drawMode":0,"name":"Shaded","section":"Shading Mode"},"sceneLighting":true,"audioPlay":false,"sceneViewState":{"m_AlwaysRefresh":false,"showFog":true,"showSkybox":true,"showFlares":true,"showImageEffects":true,"showParticleSystems":true,"showVisualEffectGraphs":true,"m_FxEnabled":true},"in2DMode":false,"pivot":{"x":-1.0519323348999024,"y":1.4302692413330079,"z":17.68035888671875},"rotation":{"x":0.025850070640444757,"y":-0.2882418930530548,"z":0.007784424349665642,"w":0.9571772217750549},"size":13.101106643676758,"orthographic":false}